"order_id","customer_id","order_date","revenue","cohort_month"
1,138,"2023-08-04","168.87","2023-01-01"
2,254,"2023-11-08","112.99","2023-03-01"
3,178,"2023-03-29","65.17","2023-03-01"
4,128,"2023-03-14","202.73","2023-01-01"
5,284,"2023-05-11","148.94","2023-05-01"
6,286,"2023-07-29","155.53","2023-01-01"
7,220,"2023-10-17","57.80","2023-01-01"
8,80,"2023-04-04","47.04","2023-01-01"
9,190,"2023-06-20","183.48","2023-03-01"
10,236,"2023-06-17","147.45","2023-01-01"
11,98,"2023-06-20","50.96","2023-04-01"
12,84,"2023-05-09","112.86","2023-02-01"
13,36,"2023-01-03","47.02","2023-01-01"
14,271,"2023-08-08","29.88","2023-06-01"
15,103,"2023-07-25","72.43","2023-02-01"
16,241,"2023-05-13","78.52","2023-05-01"
17,300,"2023-01-02","39.52","2023-01-01"
18,88,"2023-05-21","142.91","2023-03-01"
19,98,"2023-04-02","129.63","2023-04-01"
20,49,"2023-10-23","153.74","2023-05-01"
21,203,"2023-01-27","176.24","2023-01-01"
22,224,"2023-03-11","133.83","2023-03-01"
23,74,"2023-06-13","53.50","2023-01-01"
24,269,"2023-03-20","53.33","2023-02-01"
25,125,"2023-08-29","58.99","2023-01-01"
26,66,"2023-08-04","93.88","2023-02-01"
27,234,"2023-08-04","138.64","2023-01-01"
28,89,"2023-05-13","63.15","2023-04-01"
29,80,"2023-06-29","144.92","2023-01-01"
30,294,"2023-05-30","97.68","2023-05-01"
31,4,"2023-01-23","72.41","2023-01-01"
32,97,"2023-03-05","154.97","2023-01-01"
33,72,"2023-09-04","61.50","2023-01-01"
34,190,"2023-06-10","11.64","2023-03-01"
35,257,"2023-03-06","111.36","2023-03-01"
36,99,"2023-12-05","189.51","2023-04-01"
37,54,"2023-04-30","153.81","2023-02-01"
38,71,"2023-02-15","69.17","2023-02-01"
39,167,"2023-08-18","148.77","2023-01-01"
40,24,"2023-05-19","101.29","2023-01-01"
41,230,"2023-11-30","207.73","2023-06-01"
42,36,"2023-06-20","194.32","2023-01-01"
43,28,"2023-02-24","95.66","2023-01-01"
44,202,"2023-06-28","158.72","2023-01-01"
45,18,"2023-08-09","116.19","2023-01-01"
46,149,"2023-04-22","108.42","2023-01-01"
47,92,"2023-12-27","54.69","2023-04-01"
48,11,"2023-12-16","143.12","2023-01-01"
49,233,"2023-09-28","109.64","2023-01-01"
50,45,"2023-06-09","43.72","2023-04-01"
51,231,"2023-11-06","97.09","2023-02-01"
52,236,"2023-01-27","40.37","2023-01-01"
53,67,"2023-08-01","199.06","2023-01-01"
54,247,"2023-05-18","35.46","2023-02-01"
55,146,"2023-04-27","179.82","2023-01-01"
56,156,"2023-10-25","16.04","2023-01-01"
57,270,"2023-06-21","121.44","2023-05-01"
58,70,"2023-03-13","70.38","2023-01-01"
59,206,"2023-01-29","202.46","2023-01-01"
60,122,"2023-05-07","162.04","2023-05-01"
61,6,"2023-01-28","86.98","2023-01-01"
62,103,"2023-09-04","166.62","2023-02-01"
63,164,"2023-05-09","193.59","2023-03-01"
64,41,"2023-04-25","83.97","2023-01-01"
65,174,"2023-11-15","177.52","2023-04-01"
66,133,"2023-10-23","83.58","2023-03-01"
67,9,"2023-09-18","146.49","2023-04-01"
68,60,"2023-06-16","30.77","2023-01-01"
69,259,"2023-09-28","158.78","2023-01-01"
70,281,"2023-03-14","55.35","2023-03-01"
71,261,"2023-04-13","148.76","2023-02-01"
72,187,"2023-02-15","148.26","2023-02-01"
73,235,"2023-05-23","121.34","2023-05-01"
74,170,"2023-03-11","138.71","2023-01-01"
75,294,"2023-05-29","101.68","2023-05-01"
76,35,"2023-06-24","198.61","2023-02-01"
77,165,"2023-04-20","71.85","2023-04-01"
78,283,"2023-02-17","77.26","2023-02-01"
79,177,"2023-03-01","197.04","2023-01-01"
80,108,"2023-02-24","108.44","2023-02-01"
81,67,"2023-03-28","72.63","2023-01-01"
82,145,"2023-09-25","165.31","2023-04-01"
83,165,"2023-08-05","43.84","2023-04-01"
84,177,"2023-07-27","131.35","2023-01-01"
85,84,"2023-11-23","165.09","2023-02-01"
86,22,"2023-06-25","77.99","2023-05-01"
87,291,"2023-07-20","145.29","2023-01-01"
88,204,"2023-11-05","82.77","2023-06-01"
89,227,"2023-03-27","196.68","2023-03-01"
90,164,"2023-03-25","11.36","2023-03-01"
91,196,"2023-01-01","20.06","2023-01-01"
92,208,"2023-02-18","178.40","2023-02-01"
93,258,"2023-09-28","170.15","2023-04-01"
94,209,"2023-01-23","205.11","2023-01-01"
95,289,"2023-04-30","114.08","2023-01-01"
96,238,"2023-05-06","33.27","2023-02-01"
97,60,"2023-06-01","55.00","2023-01-01"
98,237,"2023-02-11","99.11","2023-02-01"
99,68,"2023-09-07","112.40","2023-04-01"
100,149,"2023-03-19","154.50","2023-01-01"
101,11,"2023-03-07","131.71","2023-01-01"
102,208,"2023-09-09","140.82","2023-02-01"
103,63,"2023-07-28","123.39","2023-07-01"
104,155,"2023-08-13","194.94","2023-05-01"
105,276,"2023-08-31","117.37","2023-03-01"
106,263,"2023-03-06","66.95","2023-03-01"
107,16,"2023-11-27","168.74","2023-11-01"
108,262,"2023-02-25","184.32","2023-01-01"
109,69,"2023-06-07","88.60","2023-02-01"
110,202,"2023-07-12","51.59","2023-01-01"
111,77,"2023-09-12","132.04","2023-03-01"
112,36,"2023-05-23","15.17","2023-01-01"
113,96,"2023-06-30","194.99","2023-02-01"
114,51,"2023-11-22","67.80","2023-03-01"
115,252,"2023-11-23","113.52","2023-06-01"
116,113,"2023-05-02","125.91","2023-01-01"
117,122,"2023-05-28","118.64","2023-05-01"
118,199,"2023-11-27","27.54","2023-01-01"
119,257,"2023-08-23","197.56","2023-03-01"
120,225,"2023-04-24","114.38","2023-01-01"
121,175,"2023-10-29","84.79","2023-04-01"
122,199,"2023-02-07","76.91","2023-01-01"
123,298,"2023-06-27","161.16","2023-02-01"
124,70,"2023-07-26","197.28","2023-01-01"
125,200,"2023-01-27","198.93","2023-01-01"
126,249,"2023-10-26","68.23","2023-04-01"
127,173,"2023-01-18","184.10","2023-01-01"
128,277,"2023-01-08","59.74","2023-01-01"
129,44,"2023-04-27","201.18","2023-04-01"
130,211,"2023-12-03","155.14","2023-12-01"
131,129,"2023-10-17","36.63","2023-10-01"
132,220,"2023-03-30","51.31","2023-01-01"
133,188,"2023-04-11","119.58","2023-01-01"
134,152,"2023-08-12","44.19","2023-03-01"
135,172,"2023-06-21","183.31","2023-06-01"
136,89,"2023-04-13","144.97","2023-04-01"
137,186,"2023-11-03","200.62","2023-10-01"
138,162,"2023-05-14","20.04","2023-03-01"
139,289,"2023-02-19","18.66","2023-01-01"
140,295,"2023-04-13","67.86","2023-04-01"
141,61,"2023-01-10","96.88","2023-01-01"
142,62,"2023-12-12","128.84","2023-03-01"
143,92,"2023-08-12","160.82","2023-04-01"
144,161,"2023-02-07","12.25","2023-02-01"
145,233,"2023-01-17","99.07","2023-01-01"
146,154,"2023-04-02","45.06","2023-04-01"
147,286,"2023-11-06","116.40","2023-01-01"
148,254,"2023-03-24","17.31","2023-03-01"
149,259,"2023-05-30","176.73","2023-01-01"
150,182,"2023-09-11","74.65","2023-03-01"
151,286,"2023-04-24","77.15","2023-01-01"
152,149,"2023-02-27","80.22","2023-01-01"
153,158,"2023-03-03","157.69","2023-03-01"
154,142,"2023-08-02","76.36","2023-04-01"
155,266,"2023-12-21","102.94","2023-01-01"
156,179,"2023-03-18","89.91","2023-02-01"
157,292,"2023-08-29","71.67","2023-05-01"
158,194,"2023-06-03","136.24","2023-01-01"
159,243,"2023-07-18","147.56","2023-02-01"
160,27,"2023-01-02","157.95","2023-01-01"
161,299,"2023-03-11","10.18","2023-03-01"
162,13,"2023-06-18","73.28","2023-03-01"
163,46,"2023-03-17","29.51","2023-02-01"
164,188,"2023-06-25","141.13","2023-01-01"
165,189,"2023-04-11","46.01","2023-04-01"
166,164,"2023-08-05","198.80","2023-03-01"
167,253,"2023-05-24","172.13","2023-01-01"
168,236,"2023-07-25","199.47","2023-01-01"
169,124,"2023-05-24","60.17","2023-05-01"
170,91,"2023-10-13","15.72","2023-01-01"
171,6,"2023-12-07","79.78","2023-01-01"
172,167,"2023-04-08","10.77","2023-01-01"
173,134,"2023-01-21","59.18","2023-01-01"
174,70,"2023-04-24","87.14","2023-01-01"
175,34,"2023-07-15","156.78","2023-02-01"
176,34,"2023-03-15","170.13","2023-02-01"
177,205,"2023-05-07","198.99","2023-04-01"
178,146,"2023-01-22","119.36","2023-01-01"
179,44,"2023-07-14","147.81","2023-04-01"
180,226,"2023-11-22","35.96","2023-02-01"
181,128,"2023-06-15","89.77","2023-01-01"
182,91,"2023-10-08","135.83","2023-01-01"
183,94,"2023-03-07","15.98","2023-02-01"
184,31,"2023-01-07","83.74","2023-01-01"
185,71,"2023-04-03","122.53","2023-02-01"
186,10,"2023-08-17","185.01","2023-01-01"
187,181,"2023-08-23","162.89","2023-02-01"
188,197,"2023-09-08","30.12","2023-01-01"
189,120,"2023-09-04","46.30","2023-05-01"
190,174,"2023-04-30","138.82","2023-04-01"
191,29,"2023-01-24","134.57","2023-01-01"
192,276,"2023-05-13","79.67","2023-03-01"
193,96,"2023-05-21","26.12","2023-02-01"
194,112,"2023-05-16","46.19","2023-02-01"
195,112,"2023-04-13","127.73","2023-02-01"
196,61,"2023-09-28","41.82","2023-01-01"
197,21,"2023-10-07","149.43","2023-01-01"
198,118,"2023-10-22","161.28","2023-02-01"
199,97,"2023-01-31","156.11","2023-01-01"
200,266,"2023-09-29","109.71","2023-01-01"
201,285,"2023-08-07","69.86","2023-01-01"
202,101,"2023-07-25","114.73","2023-07-01"
203,225,"2023-04-25","54.44","2023-01-01"
204,268,"2023-04-13","191.19","2023-01-01"
205,126,"2023-06-23","136.29","2023-01-01"
206,25,"2023-04-28","54.72","2023-02-01"
207,65,"2023-01-08","103.69","2023-01-01"
208,258,"2023-11-01","112.41","2023-04-01"
209,257,"2023-09-01","46.20","2023-03-01"
210,298,"2023-07-11","57.13","2023-02-01"
211,34,"2023-11-03","96.67","2023-02-01"
212,183,"2023-02-13","112.71","2023-01-01"
213,74,"2023-07-29","164.45","2023-01-01"
214,224,"2023-04-18","26.25","2023-03-01"
215,106,"2023-12-30","146.52","2023-05-01"
216,106,"2023-06-09","132.72","2023-05-01"
217,245,"2023-11-26","159.97","2023-06-01"
218,258,"2023-09-04","191.85","2023-04-01"
219,125,"2023-10-29","179.81","2023-01-01"
220,272,"2023-01-11","60.82","2023-01-01"
221,46,"2023-02-16","25.68","2023-02-01"
222,286,"2023-01-20","154.98","2023-01-01"
223,197,"2023-09-23","138.53","2023-01-01"
224,277,"2023-01-13","31.87","2023-01-01"
225,2,"2023-04-13","197.68","2023-03-01"
226,111,"2023-10-08","63.46","2023-03-01"
227,136,"2023-06-05","38.28","2023-01-01"
228,38,"2023-03-15","169.27","2023-02-01"
229,158,"2023-12-16","23.17","2023-03-01"
230,262,"2023-03-18","59.35","2023-01-01"
231,242,"2023-04-11","154.81","2023-01-01"
232,167,"2023-10-27","13.61","2023-01-01"
233,240,"2023-08-17","23.73","2023-04-01"
234,92,"2023-05-27","92.87","2023-04-01"
235,54,"2023-10-31","122.87","2023-02-01"
236,243,"2023-07-07","73.94","2023-02-01"
237,228,"2023-07-26","162.31","2023-05-01"
238,6,"2023-01-13","197.13","2023-01-01"
239,111,"2023-09-02","84.75","2023-03-01"
240,284,"2023-06-19","196.56","2023-05-01"
241,207,"2023-04-02","120.08","2023-01-01"
242,239,"2023-11-27","160.35","2023-08-01"
243,132,"2023-09-05","82.21","2023-03-01"
244,179,"2023-08-20","162.11","2023-02-01"
245,8,"2023-03-25","193.35","2023-02-01"
246,86,"2023-01-07","50.98","2023-01-01"
247,254,"2023-09-13","133.82","2023-03-01"
248,166,"2023-01-10","67.83","2023-01-01"
249,152,"2023-08-24","35.81","2023-03-01"
250,188,"2023-12-20","42.41","2023-01-01"
251,196,"2023-10-26","203.89","2023-01-01"
252,194,"2023-01-26","204.86","2023-01-01"
253,260,"2023-02-16","61.85","2023-02-01"
254,57,"2023-02-09","31.39","2023-01-01"
255,189,"2023-08-07","87.83","2023-04-01"
256,209,"2023-09-20","53.89","2023-01-01"
257,80,"2023-08-27","80.91","2023-01-01"
258,183,"2023-01-18","57.17","2023-01-01"
259,14,"2023-10-12","75.46","2023-01-01"
260,283,"2023-07-27","189.31","2023-02-01"
261,180,"2023-02-02","164.98","2023-02-01"
262,12,"2023-04-15","79.82","2023-01-01"
263,256,"2023-08-02","156.21","2023-05-01"
264,286,"2023-04-08","177.74","2023-01-01"
265,149,"2023-07-14","59.29","2023-01-01"
266,270,"2023-10-02","151.18","2023-05-01"
267,123,"2023-01-26","30.06","2023-01-01"
268,127,"2023-08-30","90.29","2023-01-01"
269,189,"2023-07-27","171.82","2023-04-01"
270,99,"2023-09-27","204.54","2023-04-01"
271,213,"2023-04-10","30.84","2023-01-01"
272,3,"2023-04-14","26.59","2023-02-01"
273,233,"2023-12-11","108.27","2023-01-01"
274,269,"2023-11-30","64.61","2023-02-01"
275,197,"2023-01-22","187.71","2023-01-01"
276,269,"2023-07-12","89.55","2023-02-01"
277,203,"2023-02-21","199.49","2023-01-01"
278,255,"2023-04-04","79.82","2023-04-01"
279,174,"2023-09-10","16.93","2023-04-01"
280,191,"2023-01-11","116.98","2023-01-01"
281,247,"2023-10-31","129.11","2023-02-01"
282,3,"2023-07-11","112.60","2023-02-01"
283,251,"2023-05-29","206.09","2023-05-01"
284,64,"2023-01-31","32.38","2023-01-01"
285,76,"2023-08-19","206.92","2023-04-01"
286,151,"2023-11-02","138.57","2023-03-01"
287,12,"2023-01-14","100.99","2023-01-01"
288,102,"2023-03-02","133.10","2023-03-01"
289,195,"2023-09-29","168.65","2023-06-01"
290,252,"2023-06-09","177.54","2023-06-01"
291,12,"2023-10-03","54.91","2023-01-01"
292,46,"2023-03-16","153.34","2023-02-01"
293,61,"2023-04-07","37.99","2023-01-01"
294,249,"2023-04-09","171.27","2023-04-01"
295,27,"2023-11-30","59.16","2023-01-01"
296,92,"2023-08-05","147.48","2023-04-01"
297,77,"2023-03-09","10.63","2023-03-01"
298,13,"2023-03-21","99.13","2023-03-01"
299,140,"2023-03-20","62.08","2023-01-01"
300,219,"2023-01-22","120.28","2023-01-01"
301,300,"2023-09-14","144.80","2023-01-01"
302,168,"2023-01-30","118.49","2023-01-01"
303,209,"2023-11-24","200.22","2023-01-01"
304,1,"2023-04-23","183.21","2023-01-01"
305,116,"2023-11-26","93.12","2023-04-01"
306,291,"2023-05-17","21.33","2023-01-01"
307,48,"2023-07-14","128.58","2023-02-01"
308,208,"2023-09-09","56.97","2023-02-01"
309,240,"2023-06-07","180.21","2023-04-01"
310,226,"2023-02-05","177.84","2023-02-01"
311,76,"2023-05-15","136.79","2023-04-01"
312,136,"2023-11-29","18.33","2023-01-01"
313,276,"2023-08-12","70.07","2023-03-01"
314,288,"2023-01-30","148.15","2023-01-01"
315,202,"2023-04-11","117.44","2023-01-01"
316,173,"2023-06-25","165.84","2023-01-01"
317,283,"2023-09-17","181.68","2023-02-01"
318,240,"2023-12-28","17.69","2023-04-01"
319,26,"2023-10-19","92.62","2023-01-01"
320,275,"2023-12-05","36.60","2023-12-01"
321,151,"2023-03-21","82.36","2023-03-01"
322,149,"2023-08-18","116.63","2023-01-01"
323,166,"2023-03-23","153.20","2023-01-01"
324,43,"2023-05-02","107.66","2023-01-01"
325,136,"2023-05-06","62.82","2023-01-01"
326,226,"2023-10-07","65.09","2023-02-01"
327,288,"2023-02-25","32.51","2023-01-01"
328,285,"2023-05-10","27.16","2023-01-01"
329,236,"2023-08-30","95.97","2023-01-01"
330,248,"2023-07-26","99.78","2023-05-01"
331,215,"2023-03-24","11.68","2023-02-01"
332,277,"2023-05-29","190.67","2023-01-01"
333,248,"2023-08-19","41.62","2023-05-01"
334,44,"2023-11-20","187.37","2023-04-01"
335,258,"2023-07-13","79.86","2023-04-01"
336,181,"2023-10-13","198.21","2023-02-01"
337,77,"2023-07-19","169.62","2023-03-01"
338,287,"2023-08-18","145.33","2023-04-01"
339,156,"2023-07-27","49.02","2023-01-01"
340,225,"2023-06-08","24.24","2023-01-01"
341,209,"2023-05-26","50.27","2023-01-01"
342,198,"2023-10-31","174.45","2023-04-01"
343,13,"2023-07-08","182.36","2023-03-01"
344,91,"2023-06-04","60.29","2023-01-01"
345,128,"2023-10-31","155.48","2023-01-01"
346,104,"2023-12-12","101.35","2023-04-01"
347,187,"2023-07-01","11.62","2023-02-01"
348,281,"2023-11-07","101.26","2023-03-01"
349,12,"2023-06-25","54.46","2023-01-01"
350,74,"2023-11-09","178.65","2023-01-01"
351,283,"2023-06-15","115.18","2023-02-01"
352,126,"2023-08-14","136.07","2023-01-01"
353,6,"2023-02-15","161.07","2023-01-01"
354,231,"2023-05-19","39.52","2023-02-01"
355,164,"2023-05-31","87.83","2023-03-01"
356,10,"2023-08-19","91.88","2023-01-01"
357,22,"2023-09-02","30.67","2023-05-01"
358,197,"2023-12-27","86.87","2023-01-01"
359,53,"2023-01-05","165.05","2023-01-01"
360,85,"2023-09-18","36.84","2023-01-01"
361,300,"2023-07-27","195.63","2023-01-01"
362,202,"2023-12-07","141.01","2023-01-01"
363,194,"2023-11-02","183.00","2023-01-01"
364,243,"2023-06-01","92.94","2023-02-01"
365,156,"2023-09-10","94.49","2023-01-01"
366,12,"2023-04-23","111.95","2023-01-01"
367,109,"2023-03-24","41.19","2023-01-01"
368,127,"2023-03-28","36.21","2023-01-01"
369,59,"2023-11-24","173.51","2023-02-01"
370,84,"2023-04-23","67.79","2023-02-01"
371,11,"2023-09-19","208.50","2023-01-01"
372,282,"2023-08-24","176.77","2023-01-01"
373,23,"2023-10-16","86.17","2023-05-01"
374,254,"2023-04-08","88.88","2023-03-01"
375,15,"2023-12-30","137.15","2023-03-01"
376,203,"2023-07-31","183.55","2023-01-01"
377,171,"2023-01-05","81.57","2023-01-01"
378,270,"2023-06-12","131.61","2023-05-01"
379,219,"2023-12-02","126.47","2023-01-01"
380,50,"2023-11-29","192.30","2023-06-01"
381,143,"2023-07-29","11.12","2023-04-01"
382,269,"2023-02-02","198.31","2023-02-01"
383,93,"2023-07-04","200.31","2023-03-01"
384,56,"2023-05-29","207.10","2023-01-01"
385,233,"2023-08-06","94.59","2023-01-01"
386,147,"2023-01-09","10.86","2023-01-01"
387,234,"2023-04-16","196.70","2023-01-01"
388,219,"2023-06-04","113.11","2023-01-01"
389,276,"2023-03-20","27.64","2023-03-01"
390,100,"2023-01-08","100.29","2023-01-01"
391,59,"2023-12-28","152.27","2023-02-01"
392,60,"2023-01-29","141.29","2023-01-01"
393,264,"2023-01-27","29.40","2023-01-01"
394,157,"2023-04-05","119.19","2023-02-01"
395,293,"2023-04-15","12.12","2023-01-01"
396,296,"2023-10-01","121.42","2023-04-01"
397,255,"2023-12-26","76.75","2023-04-01"
398,78,"2023-10-17","192.60","2023-04-01"
399,242,"2023-12-10","166.93","2023-01-01"
400,127,"2023-02-18","64.75","2023-01-01"
401,82,"2023-08-02","123.16","2023-02-01"
402,85,"2023-01-13","207.46","2023-01-01"
403,28,"2023-04-21","12.43","2023-01-01"
404,82,"2023-07-26","55.91","2023-02-01"
405,298,"2023-03-21","93.31","2023-02-01"
406,203,"2023-09-21","105.11","2023-01-01"
407,15,"2023-10-05","127.46","2023-03-01"
408,238,"2023-03-30","139.07","2023-02-01"
409,78,"2023-04-14","49.68","2023-04-01"
410,272,"2023-06-26","88.91","2023-01-01"
411,298,"2023-02-28","190.65","2023-02-01"
412,231,"2023-02-15","73.36","2023-02-01"
413,241,"2023-06-11","145.17","2023-05-01"
414,155,"2023-07-27","121.62","2023-05-01"
415,232,"2023-10-08","115.57","2023-07-01"
416,27,"2023-12-20","175.46","2023-01-01"
417,280,"2023-03-22","10.59","2023-03-01"
418,225,"2023-01-28","159.80","2023-01-01"
419,193,"2023-06-11","87.37","2023-02-01"
420,200,"2023-01-24","56.62","2023-01-01"
421,110,"2023-09-10","116.69","2023-09-01"
422,230,"2023-06-09","88.08","2023-06-01"
423,244,"2023-05-23","148.92","2023-05-01"
424,153,"2023-02-19","62.15","2023-02-01"
425,264,"2023-06-19","166.59","2023-01-01"
426,17,"2023-04-15","97.17","2023-04-01"
427,198,"2023-11-14","162.92","2023-04-01"
428,221,"2023-01-09","104.67","2023-01-01"
429,90,"2023-02-22","52.54","2023-02-01"
430,188,"2023-05-13","95.90","2023-01-01"
431,292,"2023-09-12","140.59","2023-05-01"
432,187,"2023-12-30","144.39","2023-02-01"
433,92,"2023-10-12","154.79","2023-04-01"
434,159,"2023-03-09","188.69","2023-03-01"
435,51,"2023-12-08","113.38","2023-03-01"
436,291,"2023-01-07","53.03","2023-01-01"
437,106,"2023-10-24","138.19","2023-05-01"
438,271,"2023-11-12","99.13","2023-06-01"
439,214,"2023-01-03","156.37","2023-01-01"
440,132,"2023-03-20","55.63","2023-03-01"
441,61,"2023-06-02","170.25","2023-01-01"
442,282,"2023-05-09","119.20","2023-01-01"
443,8,"2023-10-26","46.94","2023-02-01"
444,194,"2023-08-14","192.39","2023-01-01"
445,3,"2023-02-11","173.00","2023-02-01"
446,92,"2023-10-23","144.42","2023-04-01"
447,200,"2023-09-05","43.39","2023-01-01"
448,189,"2023-04-07","87.04","2023-04-01"
449,242,"2023-10-15","153.73","2023-01-01"
450,121,"2023-09-20","77.64","2023-01-01"
451,235,"2023-06-18","32.63","2023-05-01"
452,55,"2023-11-09","203.22","2023-02-01"
453,292,"2023-10-09","89.96","2023-05-01"
454,150,"2023-07-13","110.08","2023-01-01"
455,133,"2023-04-17","170.85","2023-03-01"
456,207,"2023-05-14","190.57","2023-01-01"
457,226,"2023-12-13","34.47","2023-02-01"
458,197,"2023-08-21","197.44","2023-01-01"
459,247,"2023-02-22","138.01","2023-02-01"
460,107,"2023-08-08","71.35","2023-03-01"
461,114,"2023-08-17","160.45","2023-04-01"
462,34,"2023-05-24","90.79","2023-02-01"
463,260,"2023-05-15","76.55","2023-02-01"
464,228,"2023-06-25","31.05","2023-05-01"
465,93,"2023-03-22","109.52","2023-03-01"
466,240,"2023-04-07","145.66","2023-04-01"
467,236,"2023-03-15","16.26","2023-01-01"
468,177,"2023-10-06","26.93","2023-01-01"
469,48,"2023-11-17","38.33","2023-02-01"
470,273,"2023-09-08","72.89","2023-01-01"
471,94,"2023-02-18","80.87","2023-02-01"
472,21,"2023-04-02","13.35","2023-01-01"
473,177,"2023-02-09","67.26","2023-01-01"
474,271,"2023-07-03","199.53","2023-06-01"
475,300,"2023-05-17","194.89","2023-01-01"
476,254,"2023-05-25","128.18","2023-03-01"
477,202,"2023-09-01","148.24","2023-01-01"
478,230,"2023-11-07","187.99","2023-06-01"
479,130,"2023-08-16","37.77","2023-06-01"
480,39,"2023-11-02","48.37","2023-01-01"
481,202,"2023-01-15","11.35","2023-01-01"
482,23,"2023-05-27","159.86","2023-05-01"
483,54,"2023-06-11","46.31","2023-02-01"
484,270,"2023-11-04","99.85","2023-05-01"
485,64,"2023-06-11","135.59","2023-01-01"
486,125,"2023-01-12","54.12","2023-01-01"
487,64,"2023-06-26","66.53","2023-01-01"
488,146,"2023-11-27","49.08","2023-01-01"
489,243,"2023-05-05","173.80","2023-02-01"
490,251,"2023-08-29","72.81","2023-05-01"
491,10,"2023-01-28","77.90","2023-01-01"
492,107,"2023-04-24","66.55","2023-03-01"
493,74,"2023-01-06","91.09","2023-01-01"
494,184,"2023-09-10","140.10","2023-01-01"
495,280,"2023-09-15","46.43","2023-03-01"
496,54,"2023-05-31","123.70","2023-02-01"
497,34,"2023-10-09","73.94","2023-02-01"
498,188,"2023-01-20","56.24","2023-01-01"
499,156,"2023-01-11","146.18","2023-01-01"
500,74,"2023-11-30","149.00","2023-01-01"
501,164,"2023-08-23","94.22","2023-03-01"
502,172,"2023-12-09","129.60","2023-06-01"
503,103,"2023-02-01","18.04","2023-02-01"
504,293,"2023-06-30","156.27","2023-01-01"
505,248,"2023-12-26","175.70","2023-05-01"
506,74,"2023-05-08","183.46","2023-01-01"
507,146,"2023-07-27","116.22","2023-01-01"
508,44,"2023-11-13","62.47","2023-04-01"
509,194,"2023-08-15","33.11","2023-01-01"
510,32,"2023-02-22","179.09","2023-01-01"
511,15,"2023-10-13","12.62","2023-03-01"
512,113,"2023-01-01","66.09","2023-01-01"
513,60,"2023-11-17","16.34","2023-01-01"
514,202,"2023-09-25","119.88","2023-01-01"
515,160,"2023-11-30","109.11","2023-03-01"
516,241,"2023-06-07","51.40","2023-05-01"
517,135,"2023-11-01","156.63","2023-02-01"
518,199,"2023-01-26","129.73","2023-01-01"
519,75,"2023-02-09","198.76","2023-02-01"
520,282,"2023-07-04","93.36","2023-01-01"
521,223,"2023-06-12","53.19","2023-05-01"
522,232,"2023-12-09","99.84","2023-07-01"
523,261,"2023-06-12","67.80","2023-02-01"
524,127,"2023-04-03","52.84","2023-01-01"
525,243,"2023-12-16","202.05","2023-02-01"
526,72,"2023-09-21","172.49","2023-01-01"
527,279,"2023-06-21","187.88","2023-03-01"
528,65,"2023-04-29","54.75","2023-01-01"
529,24,"2023-06-13","184.36","2023-01-01"
530,132,"2023-03-30","160.90","2023-03-01"
531,152,"2023-04-21","173.65","2023-03-01"
532,12,"2023-04-22","12.22","2023-01-01"
533,117,"2023-02-15","53.10","2023-02-01"
534,14,"2023-09-24","206.63","2023-01-01"
535,160,"2023-03-22","21.52","2023-03-01"
536,35,"2023-06-15","146.28","2023-02-01"
537,241,"2023-08-15","153.86","2023-05-01"
538,79,"2023-12-25","67.44","2023-04-01"
539,143,"2023-10-21","143.90","2023-04-01"
540,83,"2023-01-29","126.96","2023-01-01"
541,1,"2023-12-19","184.54","2023-01-01"
542,92,"2023-04-20","191.28","2023-04-01"
543,297,"2023-03-15","46.75","2023-03-01"
544,274,"2023-08-10","31.79","2023-01-01"
545,111,"2023-03-08","47.47","2023-03-01"
546,194,"2023-06-12","134.28","2023-01-01"
547,181,"2023-02-20","171.53","2023-02-01"
548,289,"2023-01-15","64.69","2023-01-01"
549,158,"2023-06-01","102.99","2023-03-01"
550,61,"2023-04-04","189.31","2023-01-01"
551,74,"2023-12-25","208.69","2023-01-01"
552,285,"2023-03-02","72.39","2023-01-01"
553,295,"2023-07-16","180.19","2023-04-01"
554,267,"2023-08-23","97.39","2023-03-01"
555,194,"2023-07-08","65.03","2023-01-01"
556,83,"2023-10-17","141.84","2023-01-01"
557,218,"2023-08-31","119.85","2023-01-01"
558,135,"2023-02-01","130.88","2023-02-01"
559,64,"2023-08-04","172.47","2023-01-01"
560,60,"2023-09-28","24.03","2023-01-01"
561,130,"2023-11-28","50.46","2023-06-01"
562,34,"2023-07-14","100.38","2023-02-01"
563,276,"2023-04-04","128.65","2023-03-01"
564,147,"2023-10-15","27.88","2023-01-01"
565,27,"2023-01-16","147.65","2023-01-01"
566,21,"2023-07-12","195.58","2023-01-01"
567,293,"2023-11-13","122.06","2023-01-01"
568,292,"2023-05-28","198.44","2023-05-01"
569,32,"2023-01-23","98.68","2023-01-01"
570,233,"2023-12-11","139.81","2023-01-01"
571,157,"2023-08-17","62.93","2023-02-01"
572,266,"2023-08-22","152.22","2023-01-01"
573,270,"2023-08-20","15.26","2023-05-01"
574,127,"2023-07-18","106.20","2023-01-01"
575,292,"2023-06-13","127.44","2023-05-01"
576,21,"2023-04-18","47.27","2023-01-01"
577,111,"2023-07-14","27.64","2023-03-01"
578,19,"2023-08-05","143.17","2023-07-01"
579,131,"2023-06-10","109.02","2023-04-01"
580,119,"2023-06-20","195.43","2023-05-01"
581,256,"2023-06-28","10.09","2023-05-01"
582,75,"2023-06-02","155.09","2023-02-01"
583,185,"2023-12-29","92.81","2023-01-01"
584,216,"2023-08-26","176.29","2023-08-01"
585,45,"2023-07-05","37.35","2023-04-01"
586,155,"2023-06-26","123.67","2023-05-01"
587,127,"2023-01-03","142.19","2023-01-01"
588,270,"2023-07-02","93.70","2023-05-01"
589,9,"2023-04-25","153.01","2023-04-01"
590,79,"2023-04-08","115.75","2023-04-01"
591,271,"2023-11-02","20.59","2023-06-01"
592,143,"2023-08-07","120.26","2023-04-01"
593,128,"2023-10-30","44.67","2023-01-01"
594,94,"2023-09-15","126.41","2023-02-01"
595,37,"2023-01-22","26.53","2023-01-01"
596,200,"2023-11-26","176.87","2023-01-01"
597,201,"2023-08-29","86.91","2023-08-01"
598,54,"2023-06-17","81.77","2023-02-01"
599,138,"2023-05-31","88.24","2023-01-01"
600,21,"2023-01-02","208.63","2023-01-01"
601,150,"2023-01-06","37.03","2023-01-01"
602,133,"2023-08-31","66.75","2023-03-01"
603,166,"2023-04-06","93.85","2023-01-01"
604,251,"2023-09-28","189.83","2023-05-01"
605,188,"2023-07-21","188.60","2023-01-01"
606,106,"2023-10-27","191.23","2023-05-01"
607,143,"2023-04-17","181.02","2023-04-01"
608,175,"2023-12-20","154.97","2023-04-01"
609,212,"2023-06-14","193.22","2023-01-01"
610,44,"2023-04-14","53.48","2023-04-01"
611,175,"2023-08-05","171.12","2023-04-01"
612,177,"2023-02-21","110.09","2023-01-01"
613,100,"2023-06-27","50.41","2023-01-01"
614,116,"2023-07-05","145.14","2023-04-01"
615,238,"2023-07-07","92.32","2023-02-01"
616,203,"2023-05-28","160.30","2023-01-01"
617,150,"2023-02-13","24.49","2023-01-01"
618,278,"2023-01-27","78.68","2023-01-01"
619,54,"2023-08-13","177.58","2023-02-01"
620,167,"2023-01-02","27.92","2023-01-01"
621,121,"2023-01-28","154.81","2023-01-01"
622,24,"2023-10-28","185.69","2023-01-01"
623,141,"2023-02-25","185.29","2023-02-01"
624,140,"2023-01-17","193.46","2023-01-01"
625,39,"2023-03-09","157.18","2023-01-01"
626,67,"2023-12-18","65.62","2023-01-01"
627,298,"2023-05-22","178.22","2023-02-01"
628,53,"2023-02-09","132.33","2023-01-01"
629,92,"2023-08-26","37.19","2023-04-01"
630,279,"2023-04-19","137.26","2023-03-01"
631,96,"2023-03-25","66.56","2023-02-01"
632,238,"2023-02-24","191.16","2023-02-01"
633,268,"2023-01-06","189.73","2023-01-01"
634,60,"2023-09-11","190.79","2023-01-01"
635,211,"2023-12-31","123.00","2023-12-01"
636,180,"2023-07-11","14.14","2023-02-01"
637,255,"2023-06-12","87.54","2023-04-01"
638,192,"2023-09-02","83.01","2023-02-01"
639,30,"2023-05-30","103.90","2023-03-01"
640,3,"2023-04-02","165.96","2023-02-01"
641,182,"2023-03-21","134.07","2023-03-01"
642,55,"2023-02-22","123.54","2023-02-01"
643,146,"2023-01-29","42.60","2023-01-01"
644,91,"2023-01-15","68.48","2023-01-01"
645,196,"2023-02-28","145.06","2023-01-01"
646,152,"2023-03-25","66.54","2023-03-01"
647,124,"2023-07-19","26.77","2023-05-01"
648,4,"2023-07-15","95.96","2023-01-01"
649,38,"2023-10-21","80.69","2023-02-01"
650,7,"2023-04-07","185.61","2023-04-01"
651,105,"2023-08-06","65.06","2023-04-01"
652,124,"2023-09-29","178.93","2023-05-01"
653,10,"2023-10-03","186.49","2023-01-01"
654,6,"2023-04-14","68.36","2023-01-01"
655,128,"2023-10-14","28.23","2023-01-01"
656,63,"2023-11-21","42.60","2023-07-01"
657,153,"2023-08-28","111.89","2023-02-01"
658,212,"2023-05-28","12.66","2023-01-01"
659,301,"2023-03-25","64.45","2023-03-01"
660,218,"2023-10-24","178.71","2023-01-01"
661,200,"2023-02-16","75.62","2023-01-01"
662,269,"2023-02-23","51.27","2023-02-01"
663,132,"2023-03-25","151.39","2023-03-01"
664,206,"2023-08-04","123.27","2023-01-01"
665,229,"2023-04-22","32.08","2023-01-01"
666,57,"2023-07-25","146.47","2023-01-01"
667,109,"2023-03-04","101.75","2023-01-01"
668,147,"2023-12-09","75.47","2023-01-01"
669,53,"2023-11-07","181.24","2023-01-01"
670,245,"2023-12-05","33.74","2023-06-01"
671,43,"2023-01-19","13.58","2023-01-01"
672,130,"2023-11-03","184.44","2023-06-01"
673,76,"2023-11-27","60.43","2023-04-01"
674,256,"2023-05-08","138.14","2023-05-01"
675,13,"2023-08-25","59.12","2023-03-01"
676,115,"2023-09-20","145.72","2023-09-01"
677,145,"2023-04-14","191.16","2023-04-01"
678,214,"2023-09-25","126.45","2023-01-01"
679,88,"2023-11-29","78.48","2023-03-01"
680,191,"2023-09-05","99.49","2023-01-01"
681,14,"2023-01-11","106.43","2023-01-01"
682,109,"2023-01-08","198.19","2023-01-01"
683,156,"2023-03-15","91.12","2023-01-01"
684,265,"2023-12-20","29.83","2023-03-01"
685,257,"2023-10-21","188.27","2023-03-01"
686,18,"2023-07-13","71.20","2023-01-01"
687,67,"2023-11-26","109.83","2023-01-01"
688,33,"2023-08-19","99.23","2023-03-01"
689,116,"2023-09-04","190.76","2023-04-01"
690,149,"2023-08-16","66.77","2023-01-01"
691,240,"2023-04-09","44.69","2023-04-01"
692,67,"2023-07-03","42.95","2023-01-01"
693,70,"2023-01-30","187.82","2023-01-01"
694,146,"2023-01-15","139.26","2023-01-01"
695,92,"2023-05-10","208.94","2023-04-01"
696,276,"2023-05-02","95.03","2023-03-01"
697,67,"2023-01-29","175.71","2023-01-01"
698,171,"2023-02-17","88.79","2023-01-01"
699,137,"2023-01-05","93.84","2023-01-01"
700,262,"2023-12-02","19.17","2023-01-01"
701,74,"2023-06-14","151.98","2023-01-01"
702,266,"2023-01-04","60.90","2023-01-01"
703,124,"2023-05-15","41.43","2023-05-01"
704,242,"2023-08-21","157.08","2023-01-01"
705,42,"2023-06-22","159.12","2023-06-01"
706,56,"2023-01-30","43.44","2023-01-01"
707,269,"2023-07-25","100.94","2023-02-01"
708,57,"2023-05-25","142.33","2023-01-01"
709,114,"2023-07-06","27.51","2023-04-01"
710,204,"2023-06-25","176.46","2023-06-01"
711,291,"2023-01-13","142.70","2023-01-01"
712,172,"2023-12-04","147.45","2023-06-01"
713,41,"2023-05-11","153.67","2023-01-01"
714,280,"2023-12-21","153.28","2023-03-01"
715,179,"2023-05-18","208.38","2023-02-01"
716,124,"2023-05-13","12.96","2023-05-01"
717,228,"2023-08-18","109.51","2023-05-01"
718,80,"2023-03-15","40.86","2023-01-01"
719,38,"2023-08-30","150.21","2023-02-01"
720,98,"2023-04-23","104.84","2023-04-01"
721,191,"2023-05-27","204.67","2023-01-01"
722,81,"2023-06-25","208.12","2023-06-01"
723,272,"2023-02-06","83.07","2023-01-01"
724,119,"2023-08-25","69.95","2023-05-01"
725,95,"2023-03-10","22.61","2023-02-01"
726,72,"2023-01-09","93.36","2023-01-01"
727,185,"2023-01-20","123.89","2023-01-01"
728,259,"2023-03-25","53.68","2023-01-01"
729,12,"2023-11-28","44.99","2023-01-01"
730,171,"2023-10-24","85.56","2023-01-01"
731,237,"2023-10-22","165.21","2023-02-01"
732,48,"2023-09-24","186.19","2023-02-01"
733,206,"2023-04-17","164.29","2023-01-01"
734,192,"2023-04-18","104.25","2023-02-01"
735,10,"2023-07-21","110.70","2023-01-01"
736,214,"2023-10-01","203.09","2023-01-01"
737,216,"2023-11-17","206.13","2023-08-01"
738,265,"2023-07-08","191.73","2023-03-01"
739,60,"2023-12-04","128.98","2023-01-01"
740,114,"2023-11-06","126.77","2023-04-01"
741,152,"2023-11-06","141.80","2023-03-01"
742,52,"2023-01-12","57.67","2023-01-01"
743,156,"2023-05-26","109.45","2023-01-01"
744,130,"2023-11-26","29.63","2023-06-01"
745,278,"2023-03-10","59.88","2023-01-01"
746,163,"2023-01-13","111.80","2023-01-01"
747,260,"2023-03-26","31.41","2023-02-01"
748,34,"2023-11-02","119.98","2023-02-01"
749,111,"2023-11-10","29.28","2023-03-01"
750,183,"2023-01-08","28.54","2023-01-01"
751,137,"2023-04-13","52.67","2023-01-01"
752,140,"2023-02-13","113.81","2023-01-01"
753,230,"2023-09-22","132.24","2023-06-01"
754,62,"2023-10-17","15.60","2023-03-01"
755,223,"2023-08-12","175.04","2023-05-01"
756,266,"2023-09-08","174.99","2023-01-01"
757,131,"2023-06-01","101.68","2023-04-01"
758,125,"2023-10-13","182.55","2023-01-01"
759,36,"2023-02-12","38.05","2023-01-01"
760,123,"2023-07-06","147.11","2023-01-01"
761,237,"2023-06-02","61.95","2023-02-01"
762,7,"2023-09-11","53.16","2023-04-01"
763,193,"2023-02-13","171.59","2023-02-01"
764,7,"2023-05-18","18.26","2023-04-01"
765,113,"2023-12-12","187.52","2023-01-01"
766,228,"2023-06-21","77.84","2023-05-01"
767,122,"2023-09-01","131.09","2023-05-01"
768,108,"2023-11-19","95.18","2023-02-01"
769,199,"2023-12-18","56.27","2023-01-01"
770,213,"2023-11-12","83.75","2023-01-01"
771,105,"2023-12-14","106.64","2023-04-01"
772,234,"2023-01-06","115.19","2023-01-01"
773,19,"2023-11-20","74.21","2023-07-01"
774,1,"2023-06-28","72.47","2023-01-01"
775,84,"2023-04-21","205.23","2023-02-01"
776,54,"2023-07-20","106.00","2023-02-01"
777,104,"2023-08-30","19.10","2023-04-01"
778,47,"2023-10-28","38.14","2023-01-01"
779,48,"2023-03-08","87.73","2023-02-01"
780,259,"2023-01-09","118.11","2023-01-01"
781,99,"2023-12-01","189.59","2023-04-01"
782,72,"2023-02-22","27.18","2023-01-01"
783,221,"2023-12-21","114.19","2023-01-01"
784,51,"2023-06-14","84.40","2023-03-01"
785,245,"2023-06-27","49.27","2023-06-01"
786,158,"2023-11-25","11.41","2023-03-01"
787,50,"2023-11-17","93.91","2023-06-01"
788,207,"2023-04-25","174.76","2023-01-01"
789,58,"2023-11-10","186.24","2023-09-01"
790,79,"2023-06-29","136.37","2023-04-01"
791,137,"2023-06-24","98.21","2023-01-01"
792,10,"2023-02-12","162.24","2023-01-01"
793,97,"2023-09-25","170.55","2023-01-01"
794,224,"2023-12-17","71.15","2023-03-01"
795,41,"2023-08-01","62.62","2023-01-01"
796,203,"2023-05-30","120.34","2023-01-01"
797,71,"2023-09-08","119.63","2023-02-01"
798,147,"2023-12-14","148.45","2023-01-01"
799,66,"2023-04-21","42.97","2023-02-01"
800,264,"2023-06-24","101.83","2023-01-01"
801,215,"2023-02-19","104.33","2023-02-01"
802,156,"2023-08-06","116.94","2023-01-01"
803,232,"2023-10-17","13.90","2023-07-01"
804,225,"2023-07-10","23.24","2023-01-01"
805,171,"2023-09-05","164.35","2023-01-01"
806,41,"2023-06-26","159.87","2023-01-01"
807,157,"2023-12-17","168.20","2023-02-01"
808,28,"2023-01-06","49.28","2023-01-01"
809,18,"2023-10-19","12.61","2023-01-01"
810,3,"2023-12-07","208.98","2023-02-01"
811,170,"2023-05-12","91.61","2023-01-01"
812,72,"2023-03-04","190.08","2023-01-01"
813,3,"2023-02-09","131.73","2023-02-01"
814,40,"2023-12-24","46.51","2023-09-01"
815,76,"2023-05-13","69.31","2023-04-01"
816,7,"2023-11-16","77.01","2023-04-01"
817,279,"2023-03-09","55.79","2023-03-01"
818,170,"2023-01-10","175.00","2023-01-01"
819,121,"2023-01-19","190.22","2023-01-01"
820,220,"2023-01-10","189.98","2023-01-01"
821,168,"2023-04-02","93.69","2023-01-01"
822,199,"2023-06-02","129.30","2023-01-01"
823,34,"2023-04-09","104.44","2023-02-01"
824,47,"2023-05-01","101.61","2023-01-01"
825,252,"2023-07-31","208.13","2023-06-01"
826,265,"2023-03-17","75.99","2023-03-01"
827,97,"2023-02-26","30.89","2023-01-01"
828,257,"2023-11-03","100.27","2023-03-01"
829,81,"2023-12-09","73.78","2023-06-01"
830,228,"2023-06-06","118.39","2023-05-01"
831,59,"2023-02-27","167.20","2023-02-01"
832,141,"2023-05-20","194.14","2023-02-01"
833,69,"2023-04-16","33.88","2023-02-01"
834,53,"2023-01-30","176.69","2023-01-01"
835,150,"2023-12-02","36.14","2023-01-01"
836,297,"2023-10-30","102.77","2023-03-01"
837,95,"2023-12-02","177.28","2023-02-01"
838,73,"2023-05-09","170.48","2023-02-01"
839,169,"2023-04-28","56.96","2023-04-01"
840,233,"2023-11-10","30.89","2023-01-01"
841,68,"2023-09-16","206.15","2023-04-01"
842,66,"2023-02-05","154.56","2023-02-01"
843,8,"2023-08-30","100.21","2023-02-01"
844,38,"2023-04-30","19.07","2023-02-01"
845,56,"2023-03-12","41.56","2023-01-01"
846,61,"2023-12-19","85.99","2023-01-01"
847,136,"2023-01-17","67.99","2023-01-01"
848,29,"2023-03-02","149.35","2023-01-01"
849,267,"2023-12-08","58.46","2023-03-01"
850,125,"2023-09-06","193.72","2023-01-01"
851,195,"2023-06-04","91.93","2023-06-01"
852,293,"2023-08-04","102.86","2023-01-01"
853,248,"2023-10-14","104.76","2023-05-01"
854,244,"2023-08-12","87.67","2023-05-01"
855,50,"2023-07-31","53.22","2023-06-01"
856,231,"2023-04-10","128.64","2023-02-01"
857,168,"2023-02-21","100.82","2023-01-01"
858,261,"2023-02-06","135.30","2023-02-01"
859,3,"2023-10-03","208.52","2023-02-01"
860,33,"2023-12-08","53.96","2023-03-01"
861,151,"2023-07-15","118.12","2023-03-01"
862,224,"2023-10-16","180.44","2023-03-01"
863,281,"2023-09-18","92.49","2023-03-01"
864,258,"2023-04-15","74.40","2023-04-01"
865,182,"2023-09-03","155.13","2023-03-01"
866,147,"2023-11-01","62.86","2023-01-01"
867,69,"2023-04-28","143.38","2023-02-01"
868,223,"2023-05-04","42.53","2023-05-01"
869,81,"2023-09-21","143.54","2023-06-01"
870,174,"2023-11-17","66.96","2023-04-01"
871,220,"2023-10-04","16.76","2023-01-01"
872,213,"2023-01-03","42.96","2023-01-01"
873,160,"2023-05-15","146.07","2023-03-01"
874,68,"2023-12-20","104.30","2023-04-01"
875,54,"2023-02-16","20.97","2023-02-01"
876,190,"2023-03-15","27.53","2023-03-01"
877,62,"2023-06-04","162.30","2023-03-01"
878,27,"2023-09-09","189.53","2023-01-01"
879,34,"2023-05-19","47.19","2023-02-01"
880,8,"2023-02-13","87.78","2023-02-01"
881,85,"2023-12-26","140.11","2023-01-01"
882,64,"2023-01-20","148.76","2023-01-01"
883,3,"2023-09-28","29.02","2023-02-01"
884,151,"2023-09-01","149.22","2023-03-01"
885,215,"2023-07-13","81.12","2023-02-01"
886,137,"2023-04-28","28.74","2023-01-01"
887,55,"2023-10-12","177.56","2023-02-01"
888,244,"2023-12-24","123.43","2023-05-01"
889,247,"2023-04-19","111.51","2023-02-01"
890,129,"2023-12-01","45.15","2023-10-01"
891,124,"2023-06-14","132.19","2023-05-01"
892,220,"2023-11-17","51.57","2023-01-01"
893,208,"2023-07-16","126.46","2023-02-01"
894,56,"2023-10-27","70.29","2023-01-01"
895,246,"2023-04-01","123.65","2023-03-01"
896,207,"2023-11-06","127.25","2023-01-01"
897,232,"2023-07-02","55.61","2023-07-01"
898,246,"2023-12-07","188.85","2023-03-01"
899,131,"2023-04-10","207.95","2023-04-01"
900,157,"2023-10-22","35.99","2023-02-01"
901,67,"2023-09-01","109.26","2023-01-01"
902,149,"2023-11-26","109.21","2023-01-01"
903,165,"2023-04-26","186.77","2023-04-01"
904,157,"2023-09-24","97.87","2023-02-01"
905,205,"2023-12-10","153.85","2023-04-01"
906,99,"2023-11-19","66.40","2023-04-01"
907,156,"2023-07-27","80.96","2023-01-01"
908,28,"2023-09-24","104.68","2023-01-01"
909,228,"2023-07-16","33.37","2023-05-01"
910,82,"2023-04-07","145.19","2023-02-01"
911,84,"2023-09-21","25.62","2023-02-01"
912,164,"2023-11-08","147.63","2023-03-01"
913,288,"2023-02-28","81.93","2023-01-01"
914,242,"2023-12-19","144.18","2023-01-01"
915,45,"2023-12-22","84.67","2023-04-01"
916,240,"2023-11-24","17.44","2023-04-01"
917,97,"2023-06-25","45.57","2023-01-01"
918,225,"2023-08-07","70.92","2023-01-01"
919,207,"2023-03-04","162.88","2023-01-01"
920,2,"2023-06-15","85.92","2023-03-01"
921,199,"2023-08-30","80.18","2023-01-01"
922,33,"2023-08-16","20.39","2023-03-01"
923,166,"2023-02-03","185.56","2023-01-01"
924,226,"2023-02-21","127.00","2023-02-01"
925,164,"2023-04-16","11.99","2023-03-01"
926,233,"2023-06-23","39.81","2023-01-01"
927,203,"2023-04-21","118.37","2023-01-01"
928,4,"2023-05-22","57.95","2023-01-01"
929,260,"2023-03-28","73.74","2023-02-01"
930,269,"2023-03-17","20.07","2023-02-01"
931,4,"2023-05-26","100.04","2023-01-01"
932,286,"2023-05-26","17.29","2023-01-01"
933,183,"2023-02-04","75.54","2023-01-01"
934,148,"2023-10-08","142.29","2023-08-01"
935,264,"2023-05-08","16.90","2023-01-01"
936,65,"2023-01-17","18.62","2023-01-01"
937,136,"2023-07-09","119.58","2023-01-01"
938,224,"2023-03-12","151.65","2023-03-01"
939,256,"2023-08-15","56.13","2023-05-01"
940,233,"2023-01-10","115.56","2023-01-01"
941,200,"2023-04-30","51.57","2023-01-01"
942,58,"2023-09-30","63.62","2023-09-01"
943,159,"2023-04-17","63.73","2023-03-01"
944,139,"2023-02-02","121.32","2023-02-01"
945,142,"2023-10-14","95.18","2023-04-01"
946,149,"2023-09-02","97.88","2023-01-01"
947,281,"2023-11-15","21.07","2023-03-01"
948,117,"2023-05-06","124.33","2023-02-01"
949,203,"2023-03-12","84.44","2023-01-01"
950,239,"2023-11-14","56.47","2023-08-01"
951,170,"2023-09-02","31.19","2023-01-01"
952,159,"2023-05-18","93.27","2023-03-01"
953,117,"2023-05-22","162.82","2023-02-01"
954,14,"2023-08-25","175.30","2023-01-01"
955,177,"2023-08-19","192.30","2023-01-01"
956,229,"2023-01-07","154.91","2023-01-01"
957,67,"2023-05-20","136.21","2023-01-01"
958,35,"2023-02-18","97.55","2023-02-01"
959,56,"2023-09-03","138.69","2023-01-01"
960,262,"2023-12-05","156.75","2023-01-01"
961,159,"2023-04-24","79.48","2023-03-01"
962,229,"2023-06-04","115.14","2023-01-01"
963,179,"2023-02-02","98.37","2023-02-01"
964,34,"2023-02-11","124.36","2023-02-01"
965,254,"2023-08-13","130.46","2023-03-01"
966,116,"2023-08-17","95.90","2023-04-01"
967,52,"2023-10-21","71.65","2023-01-01"
968,150,"2023-07-23","12.53","2023-01-01"
969,294,"2023-09-03","137.52","2023-05-01"
970,258,"2023-04-12","22.99","2023-04-01"
971,174,"2023-11-25","71.35","2023-04-01"
972,47,"2023-03-29","35.42","2023-01-01"
973,273,"2023-12-13","133.93","2023-01-01"
974,24,"2023-01-01","204.30","2023-01-01"
975,120,"2023-05-19","22.75","2023-05-01"
976,3,"2023-08-23","75.20","2023-02-01"
977,109,"2023-03-25","170.09","2023-01-01"
978,35,"2023-10-17","87.77","2023-02-01"
979,121,"2023-06-18","116.97","2023-01-01"
980,240,"2023-12-08","78.97","2023-04-01"
981,271,"2023-10-24","127.68","2023-06-01"
982,184,"2023-01-04","13.57","2023-01-01"
983,142,"2023-10-22","197.68","2023-04-01"
984,162,"2023-03-03","104.65","2023-03-01"
985,27,"2023-07-16","26.02","2023-01-01"
986,262,"2023-01-25","171.61","2023-01-01"
987,73,"2023-03-29","22.92","2023-02-01"
988,228,"2023-06-03","52.95","2023-05-01"
989,130,"2023-06-27","209.02","2023-06-01"
990,55,"2023-09-15","89.56","2023-02-01"
991,64,"2023-06-20","172.43","2023-01-01"
992,87,"2023-01-23","77.09","2023-01-01"
993,180,"2023-04-12","173.72","2023-02-01"
994,94,"2023-10-23","210.00","2023-02-01"
995,145,"2023-11-03","87.88","2023-04-01"
996,124,"2023-11-27","175.86","2023-05-01"
997,12,"2023-01-18","209.37","2023-01-01"
998,300,"2023-11-23","183.19","2023-01-01"
999,177,"2023-06-21","36.80","2023-01-01"
1000,265,"2023-10-28","146.00","2023-03-01"
1001,162,"2023-05-26","19.67","2023-03-01"
1002,274,"2023-10-08","73.31","2023-01-01"
1003,84,"2023-06-08","122.23","2023-02-01"
1004,96,"2023-09-09","133.47","2023-02-01"
1005,68,"2023-04-29","56.33","2023-04-01"
1006,210,"2023-07-18","131.09","2023-01-01"
1007,161,"2023-10-05","100.30","2023-02-01"
1008,75,"2023-02-03","111.39","2023-02-01"
1009,48,"2023-03-28","64.07","2023-02-01"
1010,186,"2023-10-08","37.49","2023-10-01"
1011,60,"2023-09-12","126.78","2023-01-01"
1012,94,"2023-05-23","28.93","2023-02-01"
1013,90,"2023-04-22","62.48","2023-02-01"
1014,89,"2023-09-18","181.14","2023-04-01"
1015,265,"2023-07-27","23.99","2023-03-01"
1016,159,"2023-05-03","31.88","2023-03-01"
1017,37,"2023-09-28","24.14","2023-01-01"
1018,224,"2023-07-28","176.78","2023-03-01"
1019,128,"2023-01-15","33.55","2023-01-01"
1020,5,"2023-08-14","193.58","2023-04-01"
1021,2,"2023-03-02","149.04","2023-03-01"
1022,102,"2023-07-26","202.84","2023-03-01"
1023,84,"2023-02-20","188.26","2023-02-01"
1024,5,"2023-09-28","112.04","2023-04-01"
1025,271,"2023-10-02","23.09","2023-06-01"
1026,229,"2023-08-28","14.96","2023-01-01"
1027,30,"2023-03-14","164.99","2023-03-01"
1028,97,"2023-10-08","209.61","2023-01-01"
1029,274,"2023-01-18","190.40","2023-01-01"
1030,251,"2023-07-24","88.01","2023-05-01"
1031,126,"2023-01-23","179.05","2023-01-01"
1032,148,"2023-11-30","96.70","2023-08-01"
1033,206,"2023-05-07","199.13","2023-01-01"
1034,274,"2023-07-27","205.82","2023-01-01"
1035,15,"2023-03-22","114.82","2023-03-01"
1036,154,"2023-07-22","92.47","2023-04-01"
1037,114,"2023-04-09","91.38","2023-04-01"
1038,197,"2023-01-20","147.59","2023-01-01"
1039,295,"2023-10-06","98.11","2023-04-01"
1040,186,"2023-12-12","51.48","2023-10-01"
1041,44,"2023-05-15","196.14","2023-04-01"
1042,4,"2023-02-02","164.31","2023-01-01"
1043,212,"2023-01-22","168.02","2023-01-01"
1044,123,"2023-12-08","19.04","2023-01-01"
1045,133,"2023-11-27","117.45","2023-03-01"
1046,225,"2023-03-28","11.43","2023-01-01"
1047,37,"2023-09-20","111.47","2023-01-01"
1048,285,"2023-01-03","150.57","2023-01-01"
1049,4,"2023-11-06","169.68","2023-01-01"
1050,85,"2023-11-27","79.58","2023-01-01"
1051,38,"2023-12-23","82.62","2023-02-01"
1052,184,"2023-01-22","96.16","2023-01-01"
1053,273,"2023-12-09","33.74","2023-01-01"
1054,61,"2023-06-18","137.96","2023-01-01"
1055,61,"2023-03-28","56.71","2023-01-01"
1056,205,"2023-07-21","127.48","2023-04-01"
1057,246,"2023-07-31","44.29","2023-03-01"
1058,87,"2023-01-27","63.91","2023-01-01"
1059,13,"2023-05-10","114.93","2023-03-01"
1060,271,"2023-12-04","201.63","2023-06-01"
1061,99,"2023-06-19","90.48","2023-04-01"
1062,140,"2023-01-18","95.83","2023-01-01"
1063,250,"2023-11-20","54.82","2023-09-01"
1064,180,"2023-08-04","145.69","2023-02-01"
1065,148,"2023-08-08","131.82","2023-08-01"
1066,56,"2023-12-08","186.31","2023-01-01"
1067,228,"2023-05-17","94.21","2023-05-01"
1068,300,"2023-09-28","46.18","2023-01-01"
1069,142,"2023-11-08","10.10","2023-04-01"
1070,61,"2023-05-25","96.84","2023-01-01"
1071,210,"2023-03-05","115.27","2023-01-01"
1072,258,"2023-08-29","118.08","2023-04-01"
1073,147,"2023-09-24","140.82","2023-01-01"
1074,249,"2023-04-03","123.08","2023-04-01"
1075,32,"2023-12-14","161.47","2023-01-01"
1076,86,"2023-12-19","37.14","2023-01-01"
1077,97,"2023-10-12","43.87","2023-01-01"
1078,138,"2023-01-24","21.47","2023-01-01"
1079,176,"2023-10-07","208.50","2023-06-01"
1080,230,"2023-06-26","168.54","2023-06-01"
1081,150,"2023-11-04","207.26","2023-01-01"
1082,248,"2023-05-21","182.82","2023-05-01"
1083,70,"2023-09-20","110.44","2023-01-01"
1084,231,"2023-10-25","75.68","2023-02-01"
1085,116,"2023-07-08","19.04","2023-04-01"
1086,204,"2023-11-15","143.46","2023-06-01"
1087,30,"2023-03-08","166.44","2023-03-01"
1088,282,"2023-01-06","119.14","2023-01-01"
1089,13,"2023-09-06","118.77","2023-03-01"
1090,95,"2023-02-06","141.45","2023-02-01"
1091,59,"2023-10-27","130.09","2023-02-01"
1092,68,"2023-04-22","179.55","2023-04-01"
1093,189,"2023-09-19","42.55","2023-04-01"
1094,191,"2023-01-26","197.37","2023-01-01"
1095,269,"2023-04-23","112.30","2023-02-01"
1096,208,"2023-03-01","124.26","2023-02-01"
1097,19,"2023-07-20","74.28","2023-07-01"
1098,4,"2023-08-13","178.06","2023-01-01"
1099,218,"2023-05-22","78.11","2023-01-01"
1100,103,"2023-10-29","156.72","2023-02-01"
1101,53,"2023-03-12","191.24","2023-01-01"
1102,64,"2023-07-17","154.94","2023-01-01"
1103,63,"2023-09-22","207.22","2023-07-01"
1104,177,"2023-01-19","13.86","2023-01-01"
1105,133,"2023-03-15","133.74","2023-03-01"
1106,80,"2023-01-12","87.14","2023-01-01"
1107,295,"2023-05-31","191.72","2023-04-01"
1108,179,"2023-03-22","208.75","2023-02-01"
1109,56,"2023-08-14","44.89","2023-01-01"
1110,276,"2023-09-12","26.51","2023-03-01"
1111,293,"2023-04-11","115.63","2023-01-01"
1112,84,"2023-10-23","34.35","2023-02-01"
1113,263,"2023-05-25","174.09","2023-03-01"
1114,175,"2023-04-28","151.90","2023-04-01"
1115,25,"2023-02-22","166.96","2023-02-01"
1116,203,"2023-11-07","52.20","2023-01-01"
1117,218,"2023-12-20","134.96","2023-01-01"
1118,147,"2023-07-02","197.77","2023-01-01"
1119,83,"2023-08-01","52.74","2023-01-01"
1120,138,"2023-08-08","100.91","2023-01-01"
1121,272,"2023-08-24","32.69","2023-01-01"
1122,205,"2023-04-17","129.50","2023-04-01"
1123,194,"2023-12-29","154.13","2023-01-01"
1124,130,"2023-07-20","132.25","2023-06-01"
1125,195,"2023-06-20","32.35","2023-06-01"
1126,192,"2023-11-29","112.84","2023-02-01"
1127,296,"2023-10-09","102.90","2023-04-01"
1128,189,"2023-08-12","37.39","2023-04-01"
1129,281,"2023-10-03","92.68","2023-03-01"
1130,249,"2023-06-12","144.66","2023-04-01"
1131,37,"2023-08-23","140.15","2023-01-01"
1132,68,"2023-06-26","203.22","2023-04-01"
1133,116,"2023-11-12","193.11","2023-04-01"
1134,291,"2023-02-28","71.01","2023-01-01"
1135,49,"2023-05-17","203.36","2023-05-01"
1136,74,"2023-03-28","187.65","2023-01-01"
1137,265,"2023-09-18","87.97","2023-03-01"
1138,243,"2023-10-24","131.39","2023-02-01"
1139,210,"2023-01-27","167.09","2023-01-01"
1140,215,"2023-09-02","153.79","2023-02-01"
1141,94,"2023-09-11","159.71","2023-02-01"
1142,142,"2023-04-01","91.96","2023-04-01"
1143,173,"2023-09-12","167.57","2023-01-01"
1144,100,"2023-10-09","33.40","2023-01-01"
1145,285,"2023-04-25","32.27","2023-01-01"
1146,253,"2023-01-06","159.13","2023-01-01"
1147,73,"2023-12-08","52.85","2023-02-01"
1148,177,"2023-08-16","190.92","2023-01-01"
1149,5,"2023-04-06","92.23","2023-04-01"
1150,191,"2023-04-28","111.73","2023-01-01"
1151,259,"2023-06-06","61.80","2023-01-01"
1152,136,"2023-11-03","111.12","2023-01-01"
1153,264,"2023-09-10","48.65","2023-01-01"
1154,112,"2023-02-28","12.99","2023-02-01"
1155,246,"2023-03-12","77.46","2023-03-01"
1156,14,"2023-07-05","47.50","2023-01-01"
1157,7,"2023-09-15","58.40","2023-04-01"
1158,266,"2023-10-28","83.82","2023-01-01"
1159,72,"2023-04-12","201.90","2023-01-01"
1160,295,"2023-06-04","46.31","2023-04-01"
1161,255,"2023-06-26","195.43","2023-04-01"
1162,18,"2023-10-25","15.90","2023-01-01"
1163,71,"2023-12-25","70.87","2023-02-01"
1164,287,"2023-04-17","138.57","2023-04-01"
1165,283,"2023-11-18","59.41","2023-02-01"
1166,27,"2023-10-20","172.60","2023-01-01"
1167,178,"2023-08-25","54.12","2023-03-01"
1168,218,"2023-01-06","106.21","2023-01-01"
1169,42,"2023-06-25","97.48","2023-06-01"
1170,150,"2023-02-27","50.41","2023-01-01"
1171,261,"2023-03-05","206.70","2023-02-01"
1172,157,"2023-02-03","95.29","2023-02-01"
1173,18,"2023-01-06","11.54","2023-01-01"
1174,39,"2023-01-24","19.62","2023-01-01"
1175,212,"2023-10-03","10.90","2023-01-01"
1176,161,"2023-07-26","40.02","2023-02-01"
1177,123,"2023-05-12","53.91","2023-01-01"
1178,108,"2023-02-20","43.64","2023-02-01"
1179,280,"2023-09-12","77.77","2023-03-01"
1180,141,"2023-07-13","148.41","2023-02-01"
1181,296,"2023-06-05","99.70","2023-04-01"
1182,123,"2023-12-11","36.71","2023-01-01"
1183,203,"2023-11-15","143.69","2023-01-01"
1184,11,"2023-01-16","174.45","2023-01-01"
1185,204,"2023-08-08","136.07","2023-06-01"
1186,253,"2023-04-30","106.35","2023-01-01"
1187,55,"2023-11-17","63.30","2023-02-01"
1188,5,"2023-10-12","128.06","2023-04-01"
1189,296,"2023-09-11","129.41","2023-04-01"
1190,128,"2023-10-22","57.13","2023-01-01"
1191,61,"2023-01-30","83.14","2023-01-01"
1192,227,"2023-12-03","63.36","2023-03-01"
1193,69,"2023-02-09","44.39","2023-02-01"
1194,50,"2023-12-05","115.05","2023-06-01"
1195,57,"2023-01-22","76.24","2023-01-01"
1196,113,"2023-05-27","76.76","2023-01-01"
1197,209,"2023-02-28","198.70","2023-01-01"
1198,285,"2023-06-17","153.98","2023-01-01"
1199,89,"2023-10-20","118.48","2023-04-01"
1200,76,"2023-05-22","204.19","2023-04-01"
1201,52,"2023-03-03","78.71","2023-01-01"
1202,253,"2023-03-03","190.15","2023-01-01"
1203,263,"2023-10-04","12.92","2023-03-01"
1204,285,"2023-07-07","120.02","2023-01-01"
1205,26,"2023-01-09","127.36","2023-01-01"
1206,173,"2023-03-28","54.15","2023-01-01"
1207,22,"2023-05-11","104.24","2023-05-01"
1208,179,"2023-10-21","141.58","2023-02-01"
1209,61,"2023-08-27","145.77","2023-01-01"
1210,31,"2023-05-15","76.89","2023-01-01"
1211,182,"2023-07-24","23.97","2023-03-01"
1212,149,"2023-01-15","48.81","2023-01-01"
1213,260,"2023-07-27","49.45","2023-02-01"
1214,227,"2023-09-19","21.05","2023-03-01"
1215,267,"2023-03-30","22.76","2023-03-01"
1216,68,"2023-12-30","38.16","2023-04-01"
1217,39,"2023-08-25","17.27","2023-01-01"
1218,280,"2023-11-07","200.23","2023-03-01"
1219,155,"2023-05-14","191.76","2023-05-01"
1220,48,"2023-02-15","188.03","2023-02-01"
1221,184,"2023-08-16","183.72","2023-01-01"
1222,198,"2023-04-08","78.17","2023-04-01"
1223,292,"2023-08-20","160.08","2023-05-01"
1224,281,"2023-04-19","201.20","2023-03-01"
1225,119,"2023-05-30","202.90","2023-05-01"
1226,225,"2023-12-24","32.49","2023-01-01"
1227,300,"2023-03-20","105.47","2023-01-01"
1228,86,"2023-06-22","159.02","2023-01-01"
1229,40,"2023-09-18","16.11","2023-09-01"
1230,33,"2023-03-24","93.34","2023-03-01"
1231,197,"2023-02-26","178.55","2023-01-01"
1232,253,"2023-10-19","139.08","2023-01-01"
1233,102,"2023-11-22","24.45","2023-03-01"
1234,223,"2023-10-17","122.86","2023-05-01"
1235,20,"2023-03-06","105.55","2023-03-01"
1236,65,"2023-09-26","60.45","2023-01-01"
1237,301,"2023-12-03","74.14","2023-03-01"
1238,152,"2023-12-20","153.46","2023-03-01"
1239,150,"2023-12-02","203.48","2023-01-01"
1240,281,"2023-11-03","174.95","2023-03-01"
1241,9,"2023-07-03","173.44","2023-04-01"
1242,177,"2023-01-10","171.32","2023-01-01"
1243,209,"2023-09-20","110.73","2023-01-01"
1244,96,"2023-02-11","70.30","2023-02-01"
1245,97,"2023-04-22","129.74","2023-01-01"
1246,172,"2023-11-26","204.78","2023-06-01"
1247,296,"2023-04-13","202.84","2023-04-01"
1248,179,"2023-02-14","202.16","2023-02-01"
1249,107,"2023-03-27","202.10","2023-03-01"
1250,294,"2023-11-20","112.13","2023-05-01"
1251,273,"2023-01-22","17.44","2023-01-01"
1252,202,"2023-05-05","137.13","2023-01-01"
1253,67,"2023-03-01","51.35","2023-01-01"
1254,281,"2023-03-02","131.23","2023-03-01"
1255,90,"2023-02-24","183.86","2023-02-01"
1256,136,"2023-10-18","173.70","2023-01-01"
1257,113,"2023-10-14","28.03","2023-01-01"
1258,59,"2023-02-28","43.36","2023-02-01"
1259,60,"2023-11-30","193.38","2023-01-01"
1260,44,"2023-06-18","152.30","2023-04-01"
1261,47,"2023-03-22","69.42","2023-01-01"
1262,192,"2023-02-06","163.10","2023-02-01"
1263,175,"2023-08-14","87.22","2023-04-01"
1264,142,"2023-12-07","188.94","2023-04-01"
1265,88,"2023-03-29","156.80","2023-03-01"
1266,189,"2023-07-02","145.28","2023-04-01"
1267,280,"2023-05-05","89.12","2023-03-01"
1268,45,"2023-04-23","67.34","2023-04-01"
1269,104,"2023-11-01","70.82","2023-04-01"
1270,76,"2023-04-15","43.72","2023-04-01"
1271,242,"2023-01-14","26.47","2023-01-01"
1272,75,"2023-06-27","127.83","2023-02-01"
1273,51,"2023-03-01","73.93","2023-03-01"
1274,83,"2023-11-07","54.43","2023-01-01"
1275,181,"2023-07-20","116.19","2023-02-01"
1276,209,"2023-08-13","193.99","2023-01-01"
1277,55,"2023-10-11","24.74","2023-02-01"
1278,274,"2023-01-28","208.03","2023-01-01"
1279,1,"2023-06-24","95.17","2023-01-01"
1280,107,"2023-06-14","113.34","2023-03-01"
1281,210,"2023-03-09","132.07","2023-01-01"
1282,54,"2023-07-27","104.28","2023-02-01"
1283,39,"2023-05-31","180.57","2023-01-01"
1284,112,"2023-03-12","71.45","2023-02-01"
1285,179,"2023-07-05","75.43","2023-02-01"
1286,271,"2023-10-28","142.43","2023-06-01"
1287,218,"2023-05-03","187.01","2023-01-01"
1288,135,"2023-10-07","175.27","2023-02-01"
1289,2,"2023-11-08","153.01","2023-03-01"
1290,43,"2023-07-26","163.04","2023-01-01"
1291,289,"2023-01-05","42.74","2023-01-01"
1292,250,"2023-09-18","69.22","2023-09-01"
1293,229,"2023-06-28","111.72","2023-01-01"
1294,185,"2023-10-08","167.68","2023-01-01"
1295,252,"2023-12-02","141.66","2023-06-01"
1296,24,"2023-06-28","170.77","2023-01-01"
1297,18,"2023-10-04","181.65","2023-01-01"
1298,278,"2023-09-15","135.20","2023-01-01"
1299,115,"2023-11-06","185.52","2023-09-01"
1300,222,"2023-11-10","48.27","2023-11-01"
1301,260,"2023-10-01","19.65","2023-02-01"
1302,94,"2023-04-05","181.80","2023-02-01"
1303,205,"2023-04-10","67.15","2023-04-01"
1304,199,"2023-03-08","193.58","2023-01-01"
1305,93,"2023-10-05","112.56","2023-03-01"
1306,128,"2023-06-16","68.80","2023-01-01"
1307,106,"2023-06-11","84.69","2023-05-01"
1308,146,"2023-10-27","205.61","2023-01-01"
1309,176,"2023-06-04","21.45","2023-06-01"
1310,180,"2023-08-15","104.65","2023-02-01"
1311,72,"2023-08-29","158.85","2023-01-01"
1312,132,"2023-07-12","131.65","2023-03-01"
1313,233,"2023-02-06","175.13","2023-01-01"
1314,56,"2023-11-25","202.26","2023-01-01"
1315,91,"2023-02-11","185.69","2023-01-01"
1316,64,"2023-04-10","93.35","2023-01-01"
1317,239,"2023-08-07","182.25","2023-08-01"
1318,228,"2023-09-18","158.99","2023-05-01"
1319,72,"2023-05-18","205.29","2023-01-01"
1320,270,"2023-09-27","208.85","2023-05-01"
1321,99,"2023-04-28","19.25","2023-04-01"
1322,94,"2023-09-24","137.17","2023-02-01"
1323,229,"2023-03-26","53.06","2023-01-01"
1324,270,"2023-05-23","97.44","2023-05-01"
1325,175,"2023-05-16","50.23","2023-04-01"
1326,8,"2023-11-30","108.67","2023-02-01"
1327,105,"2023-04-09","122.06","2023-04-01"
1328,202,"2023-12-23","21.03","2023-01-01"
1329,256,"2023-05-17","62.85","2023-05-01"
1330,91,"2023-09-28","72.04","2023-01-01"
1331,98,"2023-11-15","159.81","2023-04-01"
1332,142,"2023-07-09","26.35","2023-04-01"
1333,93,"2023-06-02","130.38","2023-03-01"
1334,50,"2023-12-28","161.34","2023-06-01"
1335,132,"2023-05-25","102.06","2023-03-01"
1336,83,"2023-02-01","190.79","2023-01-01"
1337,266,"2023-08-02","185.76","2023-01-01"
1338,14,"2023-02-17","139.01","2023-01-01"
1339,220,"2023-05-09","186.12","2023-01-01"
1340,195,"2023-10-19","170.33","2023-06-01"
1341,268,"2023-07-12","137.96","2023-01-01"
1342,38,"2023-02-26","66.34","2023-02-01"
1343,88,"2023-11-03","85.27","2023-03-01"
1344,62,"2023-10-05","11.20","2023-03-01"
1345,164,"2023-05-08","96.30","2023-03-01"
1346,41,"2023-01-29","105.71","2023-01-01"
1347,100,"2023-03-15","20.48","2023-01-01"
1348,9,"2023-09-11","74.24","2023-04-01"
1349,104,"2023-04-10","205.71","2023-04-01"
1350,267,"2023-04-28","126.25","2023-03-01"
1351,265,"2023-07-28","143.00","2023-03-01"
1352,162,"2023-08-27","18.11","2023-03-01"
1353,116,"2023-12-30","158.04","2023-04-01"
1354,64,"2023-01-15","112.75","2023-01-01"
1355,100,"2023-12-01","130.45","2023-01-01"
1356,97,"2023-07-16","174.51","2023-01-01"
1357,55,"2023-08-11","51.73","2023-02-01"
1358,113,"2023-11-28","98.10","2023-01-01"
1359,165,"2023-08-11","49.81","2023-04-01"
1360,209,"2023-09-18","113.18","2023-01-01"
1361,41,"2023-08-13","61.70","2023-01-01"
1362,142,"2023-05-30","138.91","2023-04-01"
1363,248,"2023-09-07","185.90","2023-05-01"
1364,47,"2023-05-05","145.28","2023-01-01"
1365,142,"2023-08-14","135.42","2023-04-01"
1366,279,"2023-08-11","22.59","2023-03-01"
1367,109,"2023-09-17","87.90","2023-01-01"
1368,69,"2023-05-24","190.30","2023-02-01"
1369,133,"2023-05-14","136.83","2023-03-01"
1370,271,"2023-06-20","166.91","2023-06-01"
1371,285,"2023-05-04","149.65","2023-01-01"
1372,17,"2023-10-16","176.04","2023-04-01"
1373,36,"2023-12-22","46.00","2023-01-01"
1374,30,"2023-08-27","201.22","2023-03-01"
1375,78,"2023-08-04","144.82","2023-04-01"
1376,219,"2023-08-07","80.39","2023-01-01"
1377,209,"2023-08-22","84.72","2023-01-01"
1378,138,"2023-09-03","196.84","2023-01-01"
1379,224,"2023-08-02","136.16","2023-03-01"
1380,35,"2023-11-02","48.42","2023-02-01"
1381,50,"2023-06-22","139.44","2023-06-01"
1382,297,"2023-12-27","21.87","2023-03-01"
1383,183,"2023-06-20","25.73","2023-01-01"
1384,226,"2023-07-03","90.54","2023-02-01"
1385,243,"2023-05-21","24.98","2023-02-01"
1386,60,"2023-08-18","167.37","2023-01-01"
1387,106,"2023-05-23","133.17","2023-05-01"
1388,207,"2023-09-28","115.84","2023-01-01"
1389,125,"2023-05-18","172.22","2023-01-01"
1390,36,"2023-01-08","204.76","2023-01-01"
1391,203,"2023-01-27","37.16","2023-01-01"
1392,209,"2023-03-15","48.00","2023-01-01"
1393,39,"2023-05-19","134.16","2023-01-01"
1394,243,"2023-08-12","49.83","2023-02-01"
1395,147,"2023-07-23","45.33","2023-01-01"
1396,62,"2023-03-23","183.70","2023-03-01"
1397,277,"2023-06-08","80.44","2023-01-01"
1398,289,"2023-12-09","58.90","2023-01-01"
1399,156,"2023-09-04","205.08","2023-01-01"
1400,37,"2023-01-23","38.83","2023-01-01"
1401,39,"2023-04-02","102.98","2023-01-01"
1402,300,"2023-11-30","152.59","2023-01-01"
1403,171,"2023-09-12","131.85","2023-01-01"
1404,128,"2023-11-01","194.72","2023-01-01"
1405,182,"2023-09-07","61.59","2023-03-01"
1406,201,"2023-11-26","185.81","2023-08-01"
1407,20,"2023-09-24","163.39","2023-03-01"
1408,31,"2023-11-19","105.85","2023-01-01"
1409,166,"2023-08-11","172.20","2023-01-01"
1410,231,"2023-02-21","190.48","2023-02-01"
1411,142,"2023-11-02","147.16","2023-04-01"
1412,82,"2023-04-21","154.00","2023-02-01"
1413,228,"2023-10-09","108.44","2023-05-01"
1414,103,"2023-02-06","59.78","2023-02-01"
1415,61,"2023-09-11","199.74","2023-01-01"
1416,272,"2023-08-01","160.15","2023-01-01"
1417,6,"2023-12-18","149.01","2023-01-01"
1418,12,"2023-05-24","51.28","2023-01-01"
1419,38,"2023-06-20","103.00","2023-02-01"
1420,288,"2023-09-02","128.34","2023-01-01"
1421,166,"2023-07-01","115.03","2023-01-01"
1422,162,"2023-07-19","199.76","2023-03-01"
1423,111,"2023-06-28","168.51","2023-03-01"
1424,102,"2023-05-22","145.20","2023-03-01"
1425,49,"2023-09-07","81.26","2023-05-01"
1426,127,"2023-12-09","191.91","2023-01-01"
1427,70,"2023-09-18","164.90","2023-01-01"
1428,169,"2023-07-27","198.50","2023-04-01"
1429,24,"2023-10-03","126.08","2023-01-01"
1430,50,"2023-10-19","133.10","2023-06-01"
1431,193,"2023-06-19","123.38","2023-02-01"
1432,278,"2023-10-18","113.29","2023-01-01"
1433,91,"2023-12-13","13.59","2023-01-01"
1434,94,"2023-10-18","111.17","2023-02-01"
1435,285,"2023-07-17","100.40","2023-01-01"
1436,123,"2023-07-02","99.91","2023-01-01"
1437,30,"2023-10-25","59.92","2023-03-01"
1438,170,"2023-02-10","155.73","2023-01-01"
1439,269,"2023-02-09","163.32","2023-02-01"
1440,73,"2023-02-06","95.48","2023-02-01"
1441,158,"2023-10-29","22.54","2023-03-01"
1442,4,"2023-04-19","171.84","2023-01-01"
1443,33,"2023-03-09","37.68","2023-03-01"
1444,83,"2023-02-05","203.92","2023-01-01"
1445,71,"2023-07-02","81.89","2023-02-01"
1446,208,"2023-04-12","22.79","2023-02-01"
1447,49,"2023-08-18","196.93","2023-05-01"
1448,170,"2023-02-07","181.26","2023-01-01"
1449,82,"2023-02-20","60.73","2023-02-01"
1450,133,"2023-05-20","60.21","2023-03-01"
1451,234,"2023-07-07","138.58","2023-01-01"
1452,108,"2023-06-17","88.94","2023-02-01"
1453,259,"2023-06-08","147.19","2023-01-01"
1454,125,"2023-01-16","92.27","2023-01-01"
1455,118,"2023-03-09","66.36","2023-02-01"
1456,243,"2023-02-07","20.86","2023-02-01"
1457,1,"2023-01-07","176.04","2023-01-01"
1458,293,"2023-01-19","179.90","2023-01-01"
1459,116,"2023-04-14","130.42","2023-04-01"
1460,244,"2023-05-14","202.98","2023-05-01"
1461,219,"2023-11-03","154.98","2023-01-01"
1462,158,"2023-03-19","99.42","2023-03-01"
1463,25,"2023-07-17","37.04","2023-02-01"
1464,256,"2023-10-12","172.44","2023-05-01"
1465,157,"2023-03-07","31.27","2023-02-01"
1466,210,"2023-10-16","73.37","2023-01-01"
1467,147,"2023-01-20","15.10","2023-01-01"
1468,251,"2023-10-15","14.25","2023-05-01"
1469,284,"2023-12-15","158.20","2023-05-01"
1470,146,"2023-12-01","132.69","2023-01-01"
1471,37,"2023-06-09","126.23","2023-01-01"
1472,123,"2023-05-29","89.70","2023-01-01"
1473,188,"2023-06-24","201.41","2023-01-01"
1474,292,"2023-08-16","55.88","2023-05-01"
1475,47,"2023-01-29","87.53","2023-01-01"
1476,126,"2023-06-26","190.05","2023-01-01"
1477,118,"2023-02-20","108.45","2023-02-01"
1478,233,"2023-12-21","25.56","2023-01-01"
1479,201,"2023-12-11","198.93","2023-08-01"
1480,175,"2023-12-01","133.17","2023-04-01"
1481,290,"2023-11-28","156.36","2023-11-01"
1482,262,"2023-08-30","172.13","2023-01-01"
1483,77,"2023-05-05","97.69","2023-03-01"
1484,272,"2023-02-09","169.22","2023-01-01"
1485,45,"2023-11-09","208.24","2023-04-01"
1486,23,"2023-07-18","73.07","2023-05-01"
1487,144,"2023-10-28","128.78","2023-10-01"
1488,15,"2023-10-27","172.46","2023-03-01"
1489,174,"2023-10-13","28.37","2023-04-01"
1490,135,"2023-10-25","55.17","2023-02-01"
1491,87,"2023-07-03","132.00","2023-01-01"
1492,42,"2023-10-17","63.85","2023-06-01"
1493,46,"2023-12-01","184.43","2023-02-01"
1494,78,"2023-10-09","208.84","2023-04-01"
1495,213,"2023-12-29","58.65","2023-01-01"
1496,134,"2023-12-14","60.67","2023-01-01"
1497,168,"2023-12-14","127.65","2023-01-01"
1498,254,"2023-12-27","101.33","2023-03-01"
1499,207,"2023-01-14","201.91","2023-01-01"
1500,185,"2023-01-30","89.52","2023-01-01"
